{
  "strategy": "03_vpin_overlay",
  "data": "synthetic toxic-flow intraday bars (seed=23)",
  "cost_bps": 0.5,
  "oos_base": {
    "cagr": 2.2788679726936785,
    "ann_return": 1.1975117492943106,
    "ann_vol": 0.14128182194696653,
    "sharpe": 8.476049733728837,
    "sortino": 8.30901221572481,
    "calmar": 66.24437353032765,
    "max_drawdown": -0.03440092873171152,
    "var_95": -0.0015347048568140002,
    "cvar_95": -0.002259975131810785,
    "n_periods": 3600
  },
  "oos_overlay": {
    "cagr": 2.144169789992433,
    "ann_return": 1.1538840199204836,
    "ann_vol": 0.1288646937582911,
    "sharpe": 8.954229325875717,
    "sortino": 8.835301077755043,
    "calmar": 74.48594624291385,
    "max_drawdown": -0.02878623281497772,
    "var_95": -0.001424481981716661,
    "cvar_95": -0.0020245091569151344,
    "n_periods": 3600
  },
  "overlay_effect": {
    "sharpe_delta": 0.4781795921468799,
    "sortino_delta": 0.5262888620302331,
    "maxdd_delta": 0.005614695916733803,
    "vol_reduction": 0.012417128188675436
  },
  "vpin_toxicity_corr": 0.2904992217134589,
  "base_sharpe_by_vpin_quintile": {
    "Q1": 13.980567799025925,
    "Q2": 13.4543615389838,
    "Q3": 13.388649866958398,
    "Q4": 6.861263114876391,
    "Q5": 0.6198802197186957
  },
  "bootstrap_sharpe": {
    "point": 8.954229325875717,
    "lower": 3.9803669580576395,
    "upper": 13.459573841840873,
    "prob_positive": 1.0
  }
}