{
  "strategy": "06_hmm_regime",
  "data": "synthetic regime-switching series (seed=13)",
  "cost_bps": 2.0,
  "oos_regime_accuracy": 0.9159265837773831,
  "oos_base": {
    "cagr": 0.22027980546011672,
    "ann_return": 0.22626868663545766,
    "ann_vol": 0.23277856054005375,
    "sharpe": 0.9720340486276187,
    "sortino": 0.9662109951108008,
    "calmar": 0.522025515894136,
    "max_drawdown": -0.42197133809219445,
    "var_95": -0.023287996441136192,
    "cvar_95": -0.034483849568184614,
    "n_periods": 1689
  },
  "oos_gated": {
    "cagr": 0.12510496163062546,
    "ann_return": 0.12496280807529944,
    "ann_vol": 0.11884147128862205,
    "sharpe": 1.051508423114444,
    "sortino": 1.0535995328621621,
    "calmar": 0.9299366613569466,
    "max_drawdown": -0.13453062647091962,
    "var_95": -0.011729232897063445,
    "cvar_95": -0.016224964897735738,
    "n_periods": 1689
  },
  "gating_effect": {
    "sharpe_delta": 0.07947437448682537,
    "sortino_delta": 0.08738853775136135,
    "maxdd_delta": 0.2874407116212748
  },
  "base_sharpe_by_regime": {
    "0": 1.3037959490171043,
    "1": 0.9419388478738278
  },
  "bootstrap_sharpe": {
    "point": 1.051508423114444,
    "lower": 0.2714454692435719,
    "upper": 1.8433190527045322,
    "prob_positive": 0.995
  }
}